id	name	description	suburb_id	street_type_id
11312	1 апреля	NULL	2	1
11313	1 Мая	NULL	1	1
11314	100 Стр.дивизии	NULL	NULL	1
11315	121 Стр.дивизии	NULL	NULL	1
11316	17 сентября	NULL	NULL	1
11317	19 Стр.дивизии	NULL	NULL	1
11318	20 лет ВЛКСМ	NULL	NULL	1
11319	20 лет Октября	NULL	NULL	1
11320	206 Стр.дивизии	NULL	3	1
11321	232 Стр.дивизии	NULL	4	1
11322	235 километр		20	1
11323	25 Октября		NULL	1
11324	25 Января	NULL	NULL	1
11325	3 Интернационала	NULL	NULL	1
11326	30 лет Октября	NULL	NULL	2
11327	30 лет Октября	NULL	NULL	1
11328	30 октября	NULL	5	1
11329	303 Стр.дивизии	NULL	NULL	1
11330	40 лет Октября	NULL	NULL	1
11331	45 Стр.дивизии	NULL	NULL	1
11332	5 декабря	NULL	NULL	1
11333	50 лет ВЛКСМ	NULL	5	1
11334	50 лет Октября	NULL	2	1
11335	50 лет Советской армии	NULL	5	1
11336	50 лет Советской власти	NULL	5	1
11337	6 Стр.дивизии	NULL	6	1
11338	60 лет ВЛКСМ	NULL	NULL	1
11339	60-й Армии	NULL	NULL	1
11340	8 Марта	NULL	1	3
11341	8 Марта	NULL	NULL	1
11342	9 Мая	NULL	7	1
11343	Святого Тихона Амафунского		1	1
11344	9 Января	NULL	8	3
11345	Арбатская		8	1
11346	9 Января	NULL	NULL	1
11347	Абрикосовая	NULL	9	1
11348	Абрикосовый	NULL	10	3
11349	Абызова	NULL	NULL	1
11350	Авиастроителей	NULL	NULL	4
11351	Авиационная	NULL	NULL	1
11352	Автогенный	NULL	NULL	3
11353	Автоматчиков	NULL	NULL	3
11354	Адмиралтейская	NULL	NULL	5
11355	Азовская	NULL	NULL	1
11356	Айвазовского	NULL	NULL	1
11357	Айдаровская	NULL	NULL	1
11358	Аксакова	NULL	NULL	1
11359	Алданская	NULL	NULL	1
11360	Александровский	NULL	1	3
11361	Алексеевского	NULL	NULL	1
11362	Алмаатинская	NULL	2	1
11363	Алтайский	NULL	NULL	3
11364	Альпийский	NULL	NULL	3
11365	Алябьева	NULL	10	1
11366	Амбулаторная	NULL	3	1
11367	Ангарский	NULL	NULL	3
11368	Ангелиной	NULL	5	3
11369	Андреева	NULL	NULL	1
11370	Ани Максимовой	NULL	6	1
11371	Ани Скоробогатько	NULL	NULL	3
11372	Аннинский	NULL	NULL	3
11373	Анри Барбюса	NULL	NULL	1
11374	Антокольского	NULL	NULL	3
11375	Антокольского	NULL	NULL	1
11376	Антонова-Овсеенко	NULL	NULL	1
11377	Апраксина	NULL	1	1
11378	Арзамасская	NULL	NULL	1
11379	Арсенальная	NULL	NULL	1
11380	Артамонова	NULL	NULL	1
11381	Артековская	NULL	NULL	1
11382	Артема	NULL	NULL	3
11383	Артема	NULL	NULL	1
11384	Артиллерийская	NULL	NULL	1
11385	Архитектора Быховского		1	1
11386	Архангельский	NULL	7	2
11387	Архипова	NULL	NULL	3
11388	Архитектора Троицкого	NULL	NULL	1
11389	Астраханская	NULL	NULL	1
11390	Астраханский	NULL	NULL	3
11391	Аэродромная	NULL	11	1
12557	Афанасьева		4	1
11393	Б.Манежная		NULL	1
11394	Б.Советская		12	1
11395	Б.Стрелецкая		NULL	1
11396	Б.Хмельницкого	NULL	NULL	3
11397	Б.Хмельницкого	NULL	NULL	1
11398	Б.Чернавская		NULL	1
11399	Бабушкина	NULL	NULL	3
11400	Багратиона	NULL	NULL	3
11401	Багратиона	NULL	NULL	1
11402	Багрицкого	NULL	NULL	1
11403	Багряная	NULL	NULL	1
11404	Баженова	NULL	NULL	3
11405	Базарная гора	NULL	NULL	1
11406	Базовая	NULL	NULL	1
11407	Байкальский	NULL	NULL	3
11408	Бакинский	NULL	NULL	3
11409	Бакунина	NULL	NULL	1
11410	Балашовская	NULL	NULL	1
11411	Балтийский	NULL	NULL	3
11412	Барнаульская	NULL	NULL	1
11413	Баррикадная	NULL	NULL	1
11414	Бархатный бугор	NULL	NULL	1
11415	Батуринская	NULL	NULL	1
11416	Бауманский	NULL	NULL	3
11417	Бахметьева	NULL	NULL	1
11418	Беговая	NULL	NULL	1
11419	Безоблачная	NULL	10	1
11420	Белинского	NULL	NULL	3
11421	Белинского	NULL	NULL	1
11422	Белогородская	NULL	NULL	1
11423	Беломорская	NULL	NULL	1
11424	Белорусская	NULL	7	1
11425	Белостокская	NULL	NULL	1
11426	Белый колодец	NULL	11	1
11427	Беляева	NULL	13	3
11428	Беляева	NULL	13	1
11429	Берег реки Дон	NULL	11	1
11430	Берегового	NULL	4	1
11431	Береговой	NULL	NULL	3
11432	Бережная	NULL	3	1
11433	Березки	NULL	8	3
11434	Березовая	NULL	2	1
11435	Березовая	NULL	14	1
11436	Березовая Роща	NULL	NULL	1
11437	Березовская	NULL	NULL	1
11438	Березовый	NULL	2	3
11439	Березовый	NULL	7	3
11440	Беспаловой	NULL	NULL	1
11441	Бессарабский	NULL	NULL	3
11442	Бестужева	NULL	NULL	3
11443	Бестужева	NULL	NULL	1
11444	Бетховена	NULL	NULL	1
11445	Бехтерева	NULL	NULL	1
11446	Благодатный	NULL	NULL	3
11447	Ближняя	NULL	14	1
11448	Бобровский	NULL	NULL	3
11449	Бовкуна	NULL	NULL	1
11450	Богатырская	NULL	NULL	1
11451	Богачева	NULL	NULL	1
11452	Богучарская	NULL	NULL	1
11453	Богучарский	NULL	NULL	2
11454	Боровская	NULL	NULL	1
11455	Бородина	NULL	NULL	1
11456	Ботанический	NULL	NULL	3
11457	Братская	NULL	NULL	1
11458	Братьев Марьиных	NULL	1	1
11459	Бригадный	NULL	NULL	3
11460	Бродского	NULL	NULL	3
11461	Броневая	NULL	NULL	1
11462	Брусилова	NULL	NULL	3
11463	Брусилова	NULL	NULL	1
11464	Брусничный	NULL	3	1
11465	Брянская	NULL	NULL	1
11466	Брянский	NULL	NULL	3
11467	Воинской Славы		15	11
11468	Победы		NULL	11
11469	Бунакова	NULL	NULL	1
12572	Придорожная		16	1
11471	Бурденко	NULL	NULL	1
11472	Бучкури художника	NULL	NULL	1
11473	В.Фигнер	NULL	NULL	3
11474	В.Фигнер	NULL	NULL	1
11475	Вавилова	NULL	NULL	1
11476	Вагонная	NULL	NULL	1
11477	Вагонный	NULL	NULL	3
11478	Вайцеховского	NULL	NULL	1
11479	Валуйский	NULL	NULL	3
11480	Варейкиса	NULL	NULL	1
11481	Варшавская	NULL	NULL	1
11482	Василия Кубанева	NULL	3	1
11483	Васильевская	NULL	9	1
11484	Васильковая	NULL	11	1
11485	Ватутина	NULL	NULL	1
11486	Ведугская	NULL	NULL	1
11487	Веневитиновская	NULL	NULL	1
11488	Венецианова	NULL	NULL	1
11489	Венский	NULL	NULL	3
11490	Верещагина	NULL	NULL	3
11491	Верещагина	NULL	NULL	1
11492	Верхняя	NULL	NULL	1
11493	Веселая	NULL	1	1
11494	Веселовского	NULL	NULL	1
12575	Вешняковская		16	1
11496	Весенняя	NULL	NULL	1
11497	Весны	NULL	8	1
11498	Вешних вод	NULL	11	1
11499	Виноградная	NULL	11	1
11500	Виноградный	NULL	11	3
11501	Виноградова	NULL	NULL	3
11502	Витебская	NULL	NULL	1
11503	Витебский	NULL	NULL	3
11504	Витрука	NULL	NULL	1
11505	Вишневый	NULL	NULL	3
11506	Вл.Невского	NULL	NULL	1
11507	Владимирская	NULL	11	1
11508	ВОГРЭСовского моста	NULL	NULL	9
11509	Возрождения	NULL	NULL	3
11510	Возрождения	NULL	NULL	1
11511	Войкова	NULL	NULL	1
11512	Вокзальная	NULL	NULL	1
11513	Вокзальный	NULL	NULL	3
11514	Волгоградская	NULL	NULL	1
11515	Волгодонская	NULL	NULL	1
11516	Волжская	NULL	NULL	1
11517	Волкова	NULL	NULL	1
11518	Волнухина	NULL	NULL	1
11519	Вологодская	NULL	NULL	1
11520	Володарского	NULL	NULL	1
11521	Волоколамская	NULL	NULL	1
11522	Волочаевский	NULL	NULL	3
11523	Волшебный		3	3
11524	Вольная	NULL	NULL	1
11525	Вольный	NULL	NULL	3
11526	Воробьевская	NULL	9	1
11527	Воронихина	NULL	NULL	1
11528	Ворошилова	NULL	NULL	1
11529	Восточная	NULL	NULL	1
11530	Врубеля	NULL	NULL	1
11531	Выборгская	NULL	NULL	1
11532	Высоцкого	NULL	NULL	1
11533	Вьетнамская	NULL	NULL	1
11534	Ген.Лохматикова		16	1
11535	Героев Сибиряков		NULL	1
11536	Героев Стратосферы		NULL	1
11537	Почтовая		13	1
11538	Героев России		5	1
11539	Гагарина	NULL	1	3
11540	Академика Королева		1	1
11541	Германа Титова		8	1
11542	Газетчиков	NULL	NULL	1
11543	Газовая	NULL	NULL	1
11544	Газопроводный	NULL	NULL	3
11545	Гайдара	NULL	NULL	1
11546	Гаражный	NULL	NULL	6
11547	Гаршина	NULL	NULL	1
11548	Гастелло	NULL	NULL	1
11549	Гвардейская	NULL	2	1
11550	Гвардейский	NULL	NULL	3
11551	Геращенко	NULL	NULL	1
11552	Героев Бреста	NULL	NULL	1
11553	Героев Красной Армии	NULL	NULL	1
11554	Героев революции	NULL	NULL	3
11555	Героев революции	NULL	NULL	1
11556	Героев труда	NULL	NULL	1
11557	Героев Хасана	NULL	NULL	1
11558	Герцена	NULL	NULL	1
11559	Гжельская	NULL	1	1
11560	Глинки	NULL	6	1
11561	Глинки	NULL	NULL	3
11562	Гоголевская	NULL	NULL	1
11563	Головина	NULL	1	1
11564	Голубиный	NULL	NULL	3
11565	Гомельская	NULL	NULL	1
11566	Гончаровская	NULL	NULL	1
11567	Гора Металлистов	NULL	NULL	1
11568	Горный	NULL	NULL	3
11569	Горняков	NULL	3	1
11570	Городовикова	NULL	NULL	1
11571	Городской	NULL	NULL	3
11572	Госпитальная	NULL	NULL	1
11573	Госпитальный	NULL	NULL	3
11574	Гражданский	NULL	NULL	3
11575	Грамши	NULL	NULL	1
11576	Гранитный	NULL	NULL	3
11577	Гремяченская	NULL	NULL	1
11578	Грибановский	NULL	NULL	3
11579	Грибной	NULL	NULL	3
11580	Грибоедова	NULL	NULL	1
11581	Гринько	NULL	10	1
11582	Гродненская	NULL	NULL	1
11583	Громовой Ульяны		NULL	1
11584	Грузинская	NULL	7	1
11585	Давыдовская	NULL	9	1
11586	Дальневосточная	NULL	NULL	1
11587	Дальний	NULL	NULL	3
11588	Дарвина	NULL	NULL	1
11589	Даргомыжского	NULL	NULL	3
11590	Дачная	NULL	8	1
11591	Росистая		14	1
11592	Дачный	NULL	7	7
11593	Девицкий выезд	NULL	NULL	1
11594	Декабристов	NULL	NULL	1
11595	Демократии	NULL	NULL	1
11596	Демократов	NULL	2	3
11597	Демократов	NULL	2	1
11598	Деповская	NULL	NULL	1
11599	Деповский	NULL	NULL	3
11600	Депутатская	NULL	NULL	1
11601	Державина	NULL	NULL	1
11602	Детей	NULL	NULL	5
11603	Детский	NULL	NULL	3
11604	Дзержинского	NULL	NULL	1
11605	Дзиньковского	NULL	NULL	1
11606	Дзотова	NULL	NULL	1
11607	Димитрова	NULL	NULL	3
11608	Димитрова	NULL	NULL	1
11609	Динамо	NULL	NULL	1
11610	Диспетчерская	NULL	NULL	1
11611	Диспетчерский	NULL	NULL	3
11612	Днепровский	NULL	NULL	3
11613	Добролюбова	NULL	NULL	3
11614	Добролюбова	NULL	NULL	1
11615	Добрый путь	NULL	NULL	1
11616	Дозорный	NULL	NULL	3
11617	Доковая	NULL	17	1
11618	Докучаева	NULL	NULL	1
11619	Долинная	NULL	15	1
11620	Домостроителей	NULL	NULL	1
11621	Донбасская	NULL	NULL	1
11622	Донецкая	NULL	NULL	1
11623	Богатая		8	1
11624	Проточная		14	1
11625	Донская	NULL	NULL	1
11626	Автодорожная		13	1
11627	Дорожная	NULL	2	1
11628	Дорожная	NULL	NULL	1
11629	Достоевского	NULL	NULL	1
11630	Дружбы	NULL	NULL	1
11631	Дружинников	NULL	NULL	1
11632	Дружная	NULL	11	1
11633	Дружный	NULL	NULL	3
11634	Дубовая	NULL	7	1
11635	Дубровина	NULL	NULL	1
11636	Дубянского	NULL	6	1
11637	Дуговая	NULL	NULL	1
11638	Дуговой	NULL	NULL	3
11639	Дунайская	NULL	9	1
11640	Дурова	NULL	NULL	1
11641	Душистый		3	3
11642	Дьякова	NULL	NULL	3
11643	Егоровская	NULL	9	1
11644	Елецкая	NULL	NULL	1
11645	Еловый	NULL	NULL	3
11646	Енисеевский бугор	NULL	NULL	1
11647	Еремеева	NULL	NULL	1
11648	Ермака	NULL	NULL	1
11649	Есенина	NULL	NULL	1
11650	Ессентуки	NULL	NULL	3
11651	Жасминный	NULL	NULL	3
11652	Жданова	NULL	7	1
11653	Железноводская	NULL	NULL	1
11654	Железнодорожный	NULL	7	3
11655	Желябова	NULL	NULL	1
11656	Жемчужная	NULL	NULL	1
11657	Живописная	NULL	9	1
11658	Жигулевская	NULL	NULL	1
11659	Жигулевский	NULL	NULL	3
11660	Жигулина	NULL	10	1
11661	Жилина	NULL	NULL	1
11662	Жукова	NULL	NULL	1
11663	Жуковского	NULL	NULL	1
11664	Журавлиная	NULL	11	1
11666	Журналистов	NULL	NULL	1
11667	Зои Космодемьянской		NULL	3
11668	Зои Космодемьянской		NULL	1
11669	Заветный	NULL	1	3
11670	Пригородная		8	1
11671	Загородная	NULL	NULL	1
11672	Загорский	NULL	1	3
11673	Задонская	NULL	NULL	1
11674	Задонье	NULL	NULL	8
11675	Закатный	NULL	1	3
11676	Заозерный	NULL	NULL	3
11677	Заполярная	NULL	4	1
11678	Заполярный	NULL	4	3
11679	Запорожская	NULL	NULL	1
11680	Запорожский	NULL	NULL	3
11681	Заречный	NULL	NULL	3
11682	Заслонова	NULL	NULL	1
11683	Заставы	NULL	NULL	5
11684	Защитников Родины	NULL	4	1
12727	Звездная		23	1
11686	Звездный	NULL	3	3
11687	Звенигородская	NULL	NULL	1
11688	Здоровья	NULL	NULL	3
11689	Зеленая	NULL	2	1
11690	Десантников		1	1
11691	Зеленая	NULL	10	1
11692	Родная		14	1
11693	Зеленко	NULL	NULL	1
11694	Зеленый	NULL	2	3
11695	Зеленый	NULL	1	3
11696	Земляничная	NULL	3	1
11697	Землянская	NULL	NULL	1
11698	Землячки	NULL	NULL	1
11699	Земнухова	NULL	NULL	3
11700	Земская	NULL	6	1
11701	Знаменская	NULL	7	1
11702	Зубрилова	NULL	NULL	1
11703	Ивановская	NULL	NULL	1
11704	Ивановский	NULL	NULL	3
11705	Ивовая	NULL	11	1
11706	Измайловская	NULL	NULL	1
11707	Измайловский	NULL	NULL	3
11708	Изобретателей	NULL	NULL	1
11709	Изыскателей	NULL	NULL	1
11710	Ильинская	NULL	11	1
11711	Ильича	NULL	NULL	1
11712	Ильская	NULL	3	1
11713	Ильюшина	NULL	NULL	1
11714	Индустриальный	NULL	NULL	3
11715	Инженерная	NULL	15	1
11716	Инютинский	NULL	NULL	3
11717	Ипподромная	NULL	NULL	1
11718	Иркутская	NULL	NULL	1
11719	Иртышская	NULL	NULL	1
11720	Исполкомовский	NULL	NULL	3
11721	К.Булавина	NULL	NULL	3
11722	К.Либкнехта	NULL	NULL	1
11723	Заповедная		16	1
11724	К.Маркса	NULL	NULL	1
11725	К.Стрелюка	NULL	NULL	1
11726	К.Цеткин	NULL	NULL	1
11727	Кабельный	NULL	NULL	3
11728	Кавалерийская	NULL	NULL	1
11729	Казакова	NULL	NULL	1
11730	Казанский	NULL	NULL	3
11731	Казарменный	NULL	NULL	3
11732	Казачья	NULL	11	1
11733	Калачеевская	NULL	NULL	1
11734	Калинина	NULL	1	3
11735	Маршала Ефремова		1	1
11736	Калинина	NULL	NULL	1
11737	Калининградская	NULL	NULL	1
11738	Калужская	NULL	NULL	1
11739	Каляева	NULL	NULL	1
11740	Камская	NULL	NULL	1
11741	Карамзина	NULL	NULL	1
11742	Карбышева	NULL	3	1
11743	Кардашова	NULL	NULL	1
11744	Карельская	NULL	NULL	1
11745	Карельский	NULL	NULL	3
11746	Карпатский	NULL	NULL	3
11747	Карпинского	NULL	NULL	1
11748	Каспийская	NULL	5	1
11749	Каховского	NULL	NULL	3
11750	Каширская	NULL	6	1
11751	Каштановый	NULL	NULL	3
11752	Кедровый	NULL	NULL	3
11753	Келлера	NULL	NULL	1
11754	Кемеровская	NULL	4	1
12750	Кирова		26	1
11756	Керамическая	NULL	NULL	1
11757	Керченский	NULL	NULL	3
11758	Киевская	NULL	NULL	1
11759	Дмитрия Горина		1	1
11760	Кирова	NULL	NULL	1
11761	Кирпичный	NULL	NULL	3
11762	Киселева	NULL	4	1
11763	Кисловодская	NULL	NULL	1
11764	Кисловодский	NULL	NULL	2
11765	Кишиневский	NULL	NULL	3
11766	Кленовый	NULL	NULL	3
11767	Клинический	NULL	NULL	3
11768	Клинская	NULL	NULL	1
11769	Клубная	NULL	NULL	1
11770	Ковалевской	NULL	NULL	1
11771	Ковтуна	NULL	6	1
11772	Ковыльный	NULL	NULL	3
11773	Колесниченко	NULL	NULL	1
11774	Коллективизации	NULL	NULL	3
11775	Коллективный	NULL	NULL	3
11776	Колодезная	NULL	6	1
11777	Колодезный	NULL	1	3
11778	Колхозный	NULL	NULL	3
11779	Колхозный путь	NULL	NULL	1
11780	Кольцевая	NULL	3	1
11781	Кольцовская	NULL	NULL	1
11782	Комарова	NULL	4	3
11783	Комарова	NULL	4	1
11784	Комарова		NULL	1
11785	Коминтерновский	NULL	NULL	3
11786	Комиссаржевской	NULL	NULL	1
11787	Коммунальная	NULL	NULL	1
11788	Коммунаров	NULL	NULL	1
11789	Коммунистическая	NULL	16	1
11790	Коммунистической молодежи	NULL	NULL	1
11791	Композитора Ставонина	NULL	1	1
11792	Комсомольская	NULL	NULL	1
11793	Конно-армейская	NULL	NULL	1
11794	Конно-стрелецкая	NULL	NULL	1
11795	Конно-стрелецкий	NULL	NULL	3
11796	Коновкина	NULL	8	3
11797	Конституции	NULL	7	1
11798	Конструкторов	NULL	NULL	1
11799	Кооперативная	NULL	11	1
11800	Коперника	NULL	NULL	1
11801	Копыловой	NULL	NULL	1
11802	Корабельная	NULL	17	1
11803	Корабельный	NULL	NULL	3
11804	Кораблинова	NULL	NULL	1
11805	Корейская	NULL	NULL	1
11806	Корниловский	NULL	NULL	3
11807	Короленко	NULL	NULL	1
11808	Короткий	NULL	NULL	3
11809	Корпусной	NULL	NULL	3
11810	Мосина		4	1
11811	Петра Праслова		8	1
11812	Союзная		10	1
11813	Космонавтов	NULL	NULL	1
11814	Костромская	NULL	NULL	1
11815	Котовского	NULL	NULL	1
11816	Кошевого	NULL	NULL	1
11817	Краеведа Зверева	NULL	1	1
11818	Крайняя	NULL	NULL	1
11819	Крамского	NULL	NULL	3
11820	Красина	NULL	NULL	1
11821	Красная гора	NULL	NULL	1
11822	Красная поляна	NULL	NULL	1
11823	Красненькая	NULL	NULL	1
11824	Красноармейская	NULL	NULL	1
11825	Красноармейский	NULL	NULL	3
11826	Краснодарский	NULL	7	3
11827	Краснодонская	NULL	NULL	1
11828	Краснозвездная	NULL	NULL	1
11829	Краснознаменная	NULL	NULL	1
11830	Краснознаменный	NULL	NULL	3
11831	Красной работницы	NULL	NULL	1
11832	Пляжная		5	1
11833	Краснолимановский	NULL	NULL	3
11834	Красноярская	NULL	NULL	1
11835	Красный Октябрь	NULL	NULL	1
11836	Красных Зорь	NULL	NULL	1
11837	Красных партизан	NULL	NULL	1
11838	Красовского	NULL	NULL	1
11839	Крейзера	NULL	4	1
11840	Крестьянская	NULL	NULL	1
11841	Кривоколенный	NULL	NULL	3
11842	Криворучко	NULL	1	1
11843	Кривошеина	NULL	NULL	1
11844	Кронштадская	NULL	NULL	1
11845	Кропоткина	NULL	NULL	1
11846	Круглая	NULL	NULL	1
11847	Крупской	NULL	NULL	1
11848	Крылова	NULL	NULL	1
11849	Крымская	NULL	NULL	1
11850	Кубанская гора	NULL	NULL	1
11851	Кубанская	NULL	NULL	1
11852	Кузнецкая	NULL	11	1
11853	Кузнецова	NULL	7	1
11854	Кузнечная	NULL	NULL	1
11855	Куйбышева	NULL	NULL	1
11856	Куколкина	NULL	NULL	1
11857	Кулибина	NULL	NULL	1
11858	Куликовская	NULL	NULL	1
11859	Купянский	NULL	NULL	3
11860	Курганская	NULL	NULL	1
11861	Курортная	NULL	NULL	1
11862	Курская	NULL	NULL	1
11863	Курчатова	NULL	15	1
11864	Куцыгина	NULL	NULL	1
11865	Л.Рябцевой	NULL	NULL	1
11866	Лагерная	NULL	7	1
11867	Ладожская	NULL	NULL	1
11868	Ладожский	NULL	NULL	2
11869	Лазурная	NULL	11	1
11870	Лаковая		11	1
11871	Лапшова		10	1
11872	Латненская	NULL	4	1
11873	Лебедева	NULL	NULL	1
11874	Леваневского	NULL	NULL	1
11875	Левитана	NULL	NULL	1
11876	Лейтенанта Цветкова	NULL	3	1
11877	Лейтенантский	NULL	NULL	3
11878	Звездная		3	1
11879	Ленина	NULL	1	3
11880	Серафима Саровского		1	1
11881	Большая		8	1
11882	Репнинская		10	1
11883	Ленина	NULL	NULL	5
11884	Ленина	NULL	NULL	1
11885	Ленинградская	NULL	NULL	1
11886	Ленинский	NULL	NULL	7
11887	Ленская	NULL	NULL	1
11888	Ленский	NULL	NULL	3
11889	Леонида Утесова	NULL	15	1
11890	Лермонтова	NULL	NULL	1
11891	Лескова	NULL	NULL	3
11892	Лескова	NULL	NULL	1
11893	Лесная	NULL	18	1
11894	Дружеская		1	1
11895	Лесная	NULL	14	1
11896	Лесная поляна	NULL	NULL	1
11897	Дроздовый		1	3
11898	Радужный		8	3
11899	Лесной массив	NULL	7	1
11900	Лесной	NULL	NULL	3
11901	Лесной поселок	NULL	NULL	1
11902	Лесокультурный	NULL	NULL	3
12788	Литовский		7	3
11904	Летний	NULL	NULL	2
11905	Летчика Демьянова	NULL	NULL	1
11906	Летчика Замкина	NULL	NULL	1
11907	Летчика Злобина	NULL	NULL	1
11908	Летчика Щербакова	NULL	NULL	1
11909	Летчиков	NULL	NULL	3
11910	Лечебный	NULL	NULL	3
11911	Лизы Чайкиной	NULL	NULL	1
11912	Лизюкова	NULL	NULL	1
11913	Линейная	NULL	NULL	1
11914	Липецкая	NULL	7	1
11915	Липовая	NULL	11	1
11916	Лискинский	NULL	NULL	3
11917	Лиственный	NULL	NULL	3
11918	Литейная	NULL	NULL	1
11919	Лихачева	NULL	NULL	1
11920	Лишенко	NULL	NULL	1
11921	Лобачевского	NULL	NULL	1
11922	Логвиновского	NULL	NULL	1
11923	Лозовая	NULL	3	1
11924	Локомотивная	NULL	NULL	1
11925	Ломоносова	NULL	NULL	1
11926	Лосевская	NULL	10	1
11927	Луганская	NULL	5	1
11928	Рождественская		6	1
11929	Луговая	NULL	2	1
11930	Луговая	NULL	8	1
11931	Луговая	NULL	NULL	1
11932	Луначарского	NULL	NULL	1
11933	Лучевой	NULL	NULL	2
11934	Лызлова	NULL	3	1
11935	Льва Толстого	NULL	NULL	1
11936	Львовская	NULL	NULL	1
11937	Людмилина	NULL	5	1
11938	Люлина	NULL	NULL	3
11939	М.Манежная	NULL	NULL	1
11940	М.Расковой	NULL	7	1
12797	Магнитогорский		NULL	3
11942	Магнитогорская	NULL	NULL	1
11943	Мазлумова	NULL	4	1
11944	Майкова	NULL	NULL	1
11945	Майская	NULL	6	1
11946	Макаренко	NULL	NULL	1
11947	Маклокский	NULL	7	2
11948	Максима Горького	NULL	NULL	4
11949	Максима Горького	NULL	NULL	1
11950	Малаховского	NULL	NULL	1
11951	Маленькая	NULL	NULL	1
11952	Малиновая	NULL	10	1
11953	Малиновского	NULL	NULL	1
11954	Малокрасноармейская	NULL	NULL	1
11955	Маломосковский	NULL	NULL	3
11956	Малосмоленская	NULL	NULL	1
11957	Малострелецкая	NULL	NULL	1
11958	Малотерновская		NULL	1
11959	Малый	NULL	NULL	3
11960	Малышевская	NULL	15	1
11961	Малявина	NULL	NULL	1
11962	Малярный	NULL	NULL	3
11963	Марата	NULL	NULL	1
11964	Маршака	NULL	NULL	1
11965	Маршала Неделина	NULL	NULL	1
11966	Марьинская	NULL	11	1
11967	Масловская	NULL	3	1
11968	Матросова	NULL	NULL	1
11969	Машинистов	NULL	NULL	1
11970	Машиностроителей	NULL	NULL	1
11971	Маяковского	NULL	NULL	1
11972	Медовая	NULL	3	1
11973	Международный	NULL	NULL	3
11974	Мельничный	NULL	NULL	3
11975	Менделеева	NULL	NULL	1
11976	Меркулова	NULL	NULL	1
11977	Механическая	NULL	NULL	1
11978	Мечникова	NULL	NULL	3
11979	Мечникова	NULL	NULL	1
11980	Минеров	NULL	1	1
11981	Минина	NULL	NULL	3
11982	Минская	NULL	NULL	1
11983	Героев спорта		13	1
11984	Маршала Катукова		1	1
11985	Мира	NULL	NULL	1
11986	Миронова	NULL	NULL	1
11987	Митрофановская		13	1
11988	Мичурина	NULL	NULL	1
11989	Можайский	NULL	NULL	3
11990	Моисеева	NULL	NULL	1
11991	Молдавская	NULL	NULL	1
11992	Молдавский	NULL	NULL	3
11993	Заветная		13	1
11994	Ясная		8	1
11995	Молодежная	NULL	NULL	1
11996	Молодежный	NULL	NULL	3
11997	Молодогвардейцев	NULL	NULL	1
11998	Монтажный	NULL	NULL	3
11999	Монтажный	NULL	NULL	2
12000	МОПРа		NULL	1
12001	Мордасовой	NULL	NULL	1
12002	Мордовцева	NULL	NULL	3
12003	Морозова	NULL	NULL	1
12004	Морской	NULL	NULL	3
12005	Московский	NULL	NULL	7
12006	Мостовая	NULL	11	1
12007	Мостостроителей	NULL	NULL	3
12008	Моховая	NULL	NULL	1
12009	Муравьева	NULL	NULL	3
12010	Мурманский	NULL	NULL	3
12011	Мусихинская	NULL	8	1
12012	В.Мухиной		NULL	3
12013	Набережная	NULL	2	1
12014	Черемушки		8	1
12015	Пойменная		15	1
12821	Набережная		NULL	1
12017	Набережная Массалитинова	NULL	NULL	1
12018	Лебединый		8	3
12019	Нагорная	NULL	NULL	1
12020	Нансена	NULL	NULL	3
12021	Направника	NULL	NULL	1
12022	Нарвская	NULL	NULL	1
12023	Нариманова	NULL	NULL	3
12024	Нариманова	NULL	NULL	1
12025	Народная	NULL	NULL	1
12026	Народных ополченцев		NULL	1
12027	Нарядная	NULL	NULL	1
12028	Нахимовская	NULL	NULL	1
12029	Нахимовский	NULL	NULL	3
12030	Небольсина	NULL	NULL	1
12031	Невский	NULL	NULL	3
12032	Некрасова	NULL	NULL	1
12033	Нестерова	NULL	NULL	3
12034	Нестерова	NULL	NULL	1
12035	Взлетная		14	1
12036	Нижняя	NULL	NULL	1
12037	Никитина	NULL	16	1
12038	Никитинская	NULL	NULL	1
12039	Никольская	NULL	6	1
12040	Новаторов	NULL	NULL	1
12041	Новая	NULL	13	1
12042	Природная		18	1
12043	Новая	NULL	2	1
12044	Новгородская	NULL	NULL	1
12045	Новикова	NULL	NULL	1
12046	Нововоронежская	NULL	NULL	1
12047	Новогодняя	NULL	NULL	1
12048	Новороссийская	NULL	NULL	1
12049	Новороссийский	NULL	NULL	3
12050	Новоселов	NULL	8	1
12051	Новоселов	NULL	NULL	3
12052	Новосибирская	NULL	NULL	1
12053	Новослободский	NULL	NULL	3
12054	Новоусманская	NULL	6	1
12055	Новохоперская	NULL	NULL	1
12056	Елочный		1	3
12057	Новый быт	NULL	NULL	1
12058	Новый	NULL	NULL	3
12059	Новый поселок	NULL	1	1
12060	О.Дундича	NULL	NULL	1
12061	Обнинская	NULL	15	1
12062	Обороны Революции		NULL	1
12063	Обручева	NULL	NULL	1
12064	Общественная	NULL	NULL	1
12065	Овражная	NULL	NULL	1
12066	Оганджаняна	NULL	4	1
12067	Огарева	NULL	NULL	3
12068	Огнева	NULL	4	1
12069	Одесская	NULL	NULL	1
12070	Одинцова	NULL	NULL	1
12071	Одоевского	NULL	NULL	1
12072	Озерный	NULL	1	3
12073	Околицкая	NULL	3	1
12074	Окружная	NULL	NULL	1
12075	Нежинская		16	1
12076	Октябрьская	NULL	18	1
12077	Октябрьская	NULL	2	1
12078	Княжеская		1	1
12079	Знаний		10	1
12080	Октябрьский	NULL	1	3
12081	Октябрьской Революции	NULL	NULL	1
12082	Октября	NULL	8	1
12083	Олиференко	NULL	1	1
12084	Ольминского	NULL	NULL	1
12085	Ольховатский	NULL	NULL	3
12086	Ольховый	NULL	NULL	3
12087	Омская	NULL	NULL	1
12088	Онежская	NULL	NULL	1
12089	Опытный	NULL	NULL	3
12090	Оранжевый	NULL	NULL	3
12091	Орджоникидзе	NULL	NULL	1
12092	Орехоый	NULL	NULL	3
12093	Орловская	NULL	NULL	1
12094	Орловский	NULL	NULL	3
12095	Освобождения Труда	NULL	NULL	1
12096	Осенняя	NULL	13	1
12097	Осетровский	NULL	1	3
12098	Осиновая	NULL	11	1
12099	Островная	NULL	7	1
12100	Островского	NULL	NULL	1
12834	Первоцветная		12	1
12102	Острогожская	NULL	NULL	1
12103	Острогожский	NULL	NULL	3
12104	Остроухова	NULL	NULL	1
12105	Остужева	NULL	NULL	1
12106	Отличников	NULL	NULL	3
12107	Отрадненская	NULL	2	1
12108	Отрадный	NULL	NULL	3
12109	Охотничий	NULL	NULL	6
12110	П.Алексеева	NULL	NULL	1
12111	П.Осипенко	NULL	NULL	1
12112	П.Сазонова	NULL	NULL	1
12113	Павлова	NULL	NULL	1
12114	Павловский	NULL	NULL	3
12115	Павлуновского	NULL	5	1
12116	Панкова	NULL	NULL	1
12117	Панфилова	NULL	NULL	1
12118	Папова	NULL	4	1
12119	Парашютистов	NULL	NULL	3
12120	Парковая	NULL	7	1
12121	Паровозная	NULL	NULL	1
12122	Партизанский	NULL	NULL	3
12123	Пархоменко	NULL	7	1
12124	Патриотов	NULL	NULL	7
12125	Пахотная	NULL	3	1
12126	Педагогический	NULL	7	3
12127	Пейзажный	NULL	1	3
12128	Пекинская	NULL	NULL	1
12129	Центральная		13	1
12130	Первомайская	NULL	2	1
12131	Первомайская	NULL	NULL	1
12132	Первомайский	NULL	10	3
12133	Переверткина	NULL	NULL	1
12134	Передовой	NULL	NULL	3
12135	Перекопская	NULL	NULL	1
12136	Перхоровича	NULL	NULL	1
12137	Пестеля	NULL	NULL	1
12138	Песочная		8	1
12139	Песчаная гора	NULL	NULL	1
12140	Песчаная	NULL	NULL	1
12141	Петра Великого	NULL	17	3
12142	Петровская	NULL	17	1
12143	Петрозаводская	NULL	NULL	1
12144	Печатников	NULL	NULL	3
12145	Печерская	NULL	NULL	1
12146	Пешестрелецкая	NULL	NULL	1
12147	Пешеходная	NULL	NULL	1
12148	Пилотов	NULL	3	1
12149	Пионеров	NULL	NULL	11
12150	Дружеский		1	3
12151	Пионерский	NULL	NULL	3
12152	Пирогова	NULL	NULL	1
12153	Писарева	NULL	NULL	1
12154	Питомник	NULL	NULL	1
12155	Планерный	NULL	NULL	3
12156	Планетная	NULL	NULL	1
12157	Федора Тютчева		5	1
12158	Платонова	NULL	NULL	1
12159	Плехановская	NULL	NULL	1
12160	Площадь Советов	NULL	1	1
12161	65 лет Победы		1	1
12162	Победы	NULL	NULL	1
12163	Поворотный	NULL	NULL	3
12164	Приграничная		16	1
12165	Пограничная	NULL	NULL	1
12166	Подгоренская	NULL	NULL	1
12167	Подклетенская	NULL	19	1
12168	Подклетенская	NULL	NULL	1
12169	Подклетенский	NULL	NULL	3
12170	Подлесная	NULL	3	1
12171	Подлесный		3	3
12172	Апрельская		13	1
12173	Полевая	NULL	11	1
12174	Полевая	NULL	NULL	1
12175	Поленова	NULL	NULL	3
12176	Ползунова	NULL	NULL	1
12177	Политехнический	NULL	NULL	3
12178	Полковой	NULL	1	3
12179	Полтавская	NULL	NULL	1
12180	Полтавский	NULL	NULL	3
12181	Полынный	NULL	1	3
12182	Полякова	NULL	3	1
12183	Полярный	NULL	NULL	3
12184	Помяловского	NULL	NULL	1
12185	Пономарева	NULL	1	1
12186	Попова	NULL	5	1
12187	Попутный	NULL	NULL	3
12188	Порт-Артурская	NULL	NULL	1
12189	Поселковая	NULL	NULL	1
12190	Поселковый	NULL	NULL	3
12191	Поспеева	NULL	NULL	1
12192	Правды	NULL	NULL	3
12193	Правды	NULL	NULL	1
12194	Праздничная	NULL	NULL	1
12195	Прасолова	NULL	1	1
12196	Прибрежный	NULL	NULL	3
12197	Приветливый	NULL	NULL	3
12198	Привокзальный	NULL	3	1
12199	Приморская	NULL	3	1
12200	Производственный	NULL	NULL	3
12201	Пролетарская	NULL	NULL	1
12202	Пролетарской диктатуры	NULL	NULL	1
12203	Промышленная	NULL	NULL	1
12204	Просвещения	NULL	NULL	1
12205	Просторная	NULL	NULL	1
12206	Профсоюзная	NULL	NULL	1
12207	Прохладный	NULL	NULL	3
12208	Проходная	NULL	NULL	1
12209	Проходной	NULL	NULL	3
12210	Прохоровский	NULL	1	3
12211	Прянишникова	NULL	NULL	1
12212	Независимости		1	1
12213	Пугачева	NULL	NULL	1
12214	Путевой	NULL	NULL	3
12215	Путейский	NULL	13	3
12216	Путилина	NULL	NULL	1
12217	Путиловская	NULL	NULL	1
12218	Путиловский	NULL	NULL	3
12219	Пушкарская	NULL	NULL	1
12220	Пушкарский	NULL	NULL	3
12221	Пушкинская	NULL	NULL	1
12222	Пшеничная	NULL	10	1
12223	Пятигорская	NULL	NULL	1
12224	Пятницкого	NULL	NULL	1
12225	Р.Беляевой	NULL	NULL	1
12226	Р.Люксембург	NULL	NULL	1
12227	Рабкоровский	NULL	NULL	3
12228	Рабочего класса	NULL	NULL	1
12229	Рабочий городок	NULL	NULL	1
12230	Рабочий	NULL	NULL	7
12231	Рыбачий		NULL	6
12232	Рабфаковский	NULL	NULL	3
12233	Радиозаводская	NULL	NULL	1
12234	Радиозаводской	NULL	NULL	3
12235	Радужная	NULL	11	1
12236	Разведчиков	NULL	NULL	3
12237	Раздольный	NULL	NULL	3
12238	Ракетный	NULL	NULL	3
12239	Ракитинская	NULL	NULL	1
12240	Рамонский	NULL	NULL	3
12241	Рассветная	NULL	11	1
12242	Революции 1905 г.	NULL	NULL	1
12243	Революции	NULL	NULL	7
12244	Ремесленная гора	NULL	NULL	1
12245	Репина	NULL	NULL	3
12246	Республиканская	NULL	NULL	1
12247	Республиканский	NULL	NULL	3
12248	Речная	NULL	7	1
12249	Камышовый		1	3
12250	Ржевская	NULL	NULL	1
12251	Рижская	NULL	NULL	1
12252	Римского-Корсакова	NULL	NULL	1
12253	Ровная	NULL	6	1
12254	Рокоссовского	NULL	NULL	1
12255	Российская	NULL	11	1
12256	Россошанский	NULL	NULL	3
12257	Ростовская	NULL	NULL	1
12258	Ростовский	NULL	NULL	3
12259	Рубежная	NULL	2	1
12260	Русанова	NULL	NULL	3
12261	Рушниковая	NULL	11	1
12262	Рылеева	NULL	NULL	1
12263	Рябиновый	NULL	NULL	3
12264	Рязанская	NULL	NULL	1
12265	С.Перовской	NULL	NULL	1
12266	Саврасова	NULL	NULL	1
12267	Небесная		13	1
12268	Садовая	NULL	2	1
12269	Чудесная		1	1
12270	Романтиков		4	1
12862	Садовый		10	3
12272	Садовое кольцо	NULL	13	1
12273	Сливовый		1	3
12274	Сакко и Ванцетти	NULL	NULL	1
12275	Салтыкова-Щедрина	NULL	NULL	1
12276	Самойловский	NULL	NULL	3
12277	Санаторный	NULL	7	3
12278	Санникова	NULL	NULL	3
12279	Саратовская	NULL	NULL	1
12280	Сафронова	NULL	3	1
12281	Свердлова	NULL	NULL	3
12282	Свердлова	NULL	NULL	1
12283	Светлая	NULL	8	1
12284	Свечной	NULL	NULL	3
12285	Свободный	NULL	NULL	3
12286	Свободы	NULL	2	1
12287	Свободы	NULL	1	3
12288	5-ой Танковой Армии		1	1
12289	Приозерная		8	1
12290	Свободы	NULL	NULL	1
12291	Связистов	NULL	NULL	1
12292	Севастопольская	NULL	NULL	1
12293	Севастопольский	NULL	NULL	3
12294	Севастьяновский	NULL	NULL	10
12295	Северная	NULL	NULL	1
12868	Семаго		11	1
12297	Северцева	NULL	4	1
12298	Севостьяновский	NULL	NULL	3
12299	Семеновская	NULL	11	1
12300	Семилукская	NULL	NULL	1
12301	Сенная	NULL	NULL	1
12302	Серафимовича	NULL	NULL	3
12303	Серафимовича	NULL	NULL	1
12304	Сергея Лазо	NULL	NULL	3
12305	Серго	NULL	NULL	1
12306	Серебрякова	NULL	NULL	1
12307	Серова	NULL	NULL	1
12308	Серпуховская	NULL	NULL	1
12309	Сеченова	NULL	NULL	3
12310	Сеченова	NULL	NULL	1
12311	Сивашский		NULL	3
12312	Силикатная	NULL	4	1
12313	Симферопольский	NULL	NULL	3
12314	Сиреневая	NULL	NULL	1
12315	Сказочная	NULL	3	1
12316	Сквозной	NULL	NULL	3
12317	Скорняжный	NULL	NULL	3
12318	Скрибиса	NULL	NULL	1
12319	Славы	NULL	NULL	3
12320	Славы	NULL	NULL	1
12321	Славяновская		2	1
12322	Славянская	NULL	NULL	1
12323	Слесарный	NULL	NULL	3
12324	Слободская	NULL	11	1
12325	Смирнова	NULL	NULL	3
12326	Смоленская	NULL	NULL	1
12327	Снайперский	NULL	NULL	3
12328	Снежный	NULL	NULL	3
12329	Советская	NULL	2	1
12330	Надежная		8	1
12331	Советская	NULL	NULL	1
12332	Советский	NULL	NULL	3
12333	Совхозная	NULL	3	1
12334	Соколиный	NULL	NULL	6
12335	Солдатский	NULL	NULL	3
12336	Солдатское Поле	NULL	3	1
12337	Солидарности	NULL	NULL	1
12338	Солнечная	NULL	NULL	1
12339	Солнечный	NULL	NULL	3
12340	Солодовникова	NULL	NULL	1
12341	Сомовская	NULL	7	1
12342	Соловьиная		13	1
12678	Дачная		2	1
12344	Сосновая	NULL	10	1
12345	Сосновая	NULL	7	1
12876	Спортивная		25	1
12347	Сосновый	NULL	13	3
12348	Софьинская	NULL	10	1
12349	Социалистическая	NULL	NULL	1
12350	Сочинская	NULL	NULL	1
12351	Спартаковская	NULL	NULL	1
12352	Специалистов	NULL	NULL	3
12353	Спокойный	NULL	NULL	3
12354	Спортивная	NULL	16	1
12355	Спортивная	NULL	NULL	4
12356	Спортивный	NULL	NULL	3
12357	Среднемосковская	NULL	NULL	1
12358	Средняя	NULL	NULL	1
12359	Ст.Большевиков	NULL	NULL	1
12360	Ст.Разина	NULL	NULL	1
12361	Станиславского	NULL	7	1
12362	Станичный	NULL	NULL	3
12363	Станкевича	NULL	NULL	1
12364	Станционный	NULL	7	2
12365	Старинный	NULL	NULL	3
12366	Старомосковский	NULL	NULL	3
12367	Степанова	NULL	5	1
12368	Ольховая		6	1
12369	Столярная	NULL	NULL	1
12370	Стрелковый	NULL	NULL	3
12371	Стремянной	NULL	11	3
12372	Строителей	NULL	2	1
12373	Строителей	NULL	NULL	1
12374	Студенческая	NULL	NULL	1
12375	Студеный	NULL	1	3
12376	Суворова	NULL	NULL	1
12377	Суворовский	NULL	NULL	3
12378	Суконовка правая		NULL	1
12379	Сухумская	NULL	7	1
12380	Тавровская	NULL	17	1
12381	Таловский	NULL	NULL	3
12382	Тамбовская	NULL	NULL	1
12383	Танеева	NULL	NULL	1
12384	Танкистов	NULL	NULL	1
12385	Таранченко	NULL	NULL	1
12386	Тверская	NULL	NULL	1
12387	Театральная	NULL	NULL	1
12388	Текстильщиков	NULL	NULL	1
12389	Ключевая		13	1
12390	Тенистая	NULL	2	1
12391	Тепличная	NULL	11	1
12392	Тепловозная	NULL	NULL	1
12393	Теплоэнергетиков	NULL	15	1
12394	Терешковой	NULL	1	1
12395	Тимирязева	NULL	NULL	3
12396	Тимирязева	NULL	NULL	1
12397	Тиханкина	NULL	10	1
12398	Тихая	NULL	NULL	1
12399	Товарищеская	NULL	NULL	1
12400	Токарная	NULL	NULL	1
12401	Томский	NULL	NULL	3
12402	Тополиная	NULL	11	1
12403	Тополиный	NULL	11	3
12404	Торпедо	NULL	NULL	1
12405	Тракторная	NULL	NULL	1
12406	Транспортная	NULL	NULL	1
12407	Транспортный	NULL	NULL	3
12408	Третьякова	NULL	NULL	1
12409	Троепольского	NULL	1	1
12410	Труда	NULL	NULL	7
12411	Трудовая	NULL	NULL	1
12412	Тульская	NULL	NULL	1
12413	Туполева	NULL	NULL	1
12414	Тургенева	NULL	NULL	1
12415	Туркенича	NULL	NULL	1
12416	Туркменский	NULL	NULL	3
12417	Туркменский	NULL	NULL	2
12418	Туровская	NULL	10	1
12419	Тушинская	NULL	NULL	1
12420	Тюленина	NULL	NULL	1
12421	Ударная	NULL	NULL	1
12422	Уездная	NULL	10	1
12423	Украинская	NULL	7	1
12424	Ульяновская	NULL	NULL	1
12425	Университетская	NULL	NULL	5
12426	Уразовская	NULL	9	1
12887	Уфимский		NULL	6
12428	Уральская	NULL	NULL	1
12429	Урицкого	NULL	NULL	1
12430	Урожайная	NULL	NULL	1
12431	Урывского	NULL	NULL	1
12432	Усманский	NULL	NULL	3
12433	Успенского	NULL	NULL	1
12434	Уточкина	NULL	NULL	3
12435	Утренняя	NULL	NULL	1
12436	Уфимская	NULL	NULL	1
12437	Учебный	NULL	NULL	3
12438	Ученический	NULL	NULL	3
12439	Учительский	NULL	NULL	3
12440	Ушакова	NULL	NULL	1
12441	Ушинского	NULL	NULL	1
12442	Уютный	NULL	NULL	3
12443	Фабричный	NULL	NULL	3
12444	Федеративный	NULL	NULL	3
12445	Федоровского	NULL	5	1
12446	Феоктистова	NULL	NULL	1
12447	Фестивальный	NULL	NULL	11
12448	Филатова	NULL	NULL	1
12449	Флотский	NULL	NULL	3
12450	Фр.Энгельса	NULL	NULL	1
12451	Фронтовая	NULL	NULL	1
12452	Фруктовая	NULL	NULL	1
12453	Фрунзе	NULL	NULL	1
12454	Фурмановская	NULL	NULL	1
12455	Хабаровская	NULL	7	1
12456	Халтурина	NULL	NULL	1
12457	Харина	NULL	NULL	1
12458	Харьковская	NULL	7	1
12459	Хвойный	NULL	NULL	8
12460	Хвойный	NULL	NULL	3
12461	Херсонская	NULL	NULL	1
12462	Херсонский	NULL	NULL	3
12463	Химический	NULL	NULL	3
12464	Холмистая	NULL	NULL	1
12465	Хользунова	NULL	NULL	1
12466	Хоперский	NULL	NULL	3
12467	Хохольская	NULL	15	1
12468	Хреновской	NULL	NULL	3
12469	Цветной	NULL	NULL	3
12470	Цветочная	NULL	14	1
12471	Цветущая	NULL	NULL	1
12472	Целинная	NULL	NULL	1
12473	Целинный	NULL	NULL	3
12474	Центральный Бульвар	NULL	14	1
12475	Цимлянская	NULL	NULL	1
12476	Цимлянский	NULL	NULL	3
12477	Циолковского	NULL	NULL	1
12478	Цюрупы	NULL	NULL	1
12479	Чайковского	NULL	NULL	1
12480	Чапаева	NULL	NULL	3
12481	Чапаева	NULL	NULL	1
12482	Чаплыгина	NULL	NULL	3
12483	Чебышева	NULL	NULL	1
12484	Чекистов	NULL	5	1
12485	Челюскинцев	NULL	NULL	1
12486	Челябинский	NULL	NULL	3
12487	Червоный	NULL	NULL	3
12488	Черепанова	NULL	NULL	1
12489	Черниговская	NULL	NULL	1
12490	Черновицкая	NULL	NULL	1
12491	Черноморская	NULL	NULL	1
12492	Чернышева	NULL	NULL	1
12493	Чернышевский бугор	NULL	NULL	1
12494	Чернышевского	NULL	NULL	1
12495	Танковая		1	1
12496	Черняховского	NULL	NULL	5
12497	Черняховского	NULL	NULL	1
12498	Чесменский	NULL	NULL	3
12499	Чехова	NULL	NULL	1
12500	Чижовская	NULL	NULL	1
12501	Чистый	NULL	NULL	3
12502	Читинская	NULL	NULL	1
12503	Чкалова	NULL	NULL	1
12504	Шапошникова	NULL	NULL	1
12505	Шахтинская	NULL	NULL	1
12506	Швейников	NULL	NULL	1
12507	Шевцовой	NULL	NULL	1
12508	Шевченко	NULL	NULL	1
12509	Шендрикова	NULL	NULL	1
12510	Шестакова	NULL	7	1
12511	Шиловская	NULL	NULL	1
12512	Шинников	NULL	NULL	3
12513	Шишкова	NULL	NULL	1
12514	Алфавитная		13	1
12515	Школьная	NULL	18	1
12516	Счастливая		8	1
12517	Школьный	NULL	NULL	3
12518	Шолоховская	NULL	NULL	1
12519	Штурмовой	NULL	NULL	3
12520	Шубина	NULL	NULL	1
12521	Шукшина	NULL	NULL	1
12902	Эстонский		7	3
12523	Щорса	NULL	NULL	1
12524	Экскаваторный	NULL	NULL	3
12525	Электровозная	NULL	NULL	1
12526	Электронный	NULL	NULL	3
12527	Электросигнальная	NULL	NULL	1
12528	Энтузиастов	NULL	NULL	1
12529	Эртеля	NULL	NULL	1
12530	Ю.Янониса	NULL	NULL	1
12531	Санаторная		5	1
12532	Персиковая		14	1
12533	Южная	NULL	NULL	1
12534	Ю-Моравская	NULL	NULL	1
12535	Юности	NULL	NULL	1
12536	Юных натуралистов	NULL	NULL	1
12537	Яблоневая	NULL	10	1
12538	Яблочная	NULL	2	1
12539	Яблочный	NULL	NULL	2
12540	Ягодный	NULL	17	3
12541	Якира	NULL	NULL	1
12542	Якорная	NULL	17	1
12543	Ялтинский	NULL	NULL	3
12544	Ямской	NULL	NULL	3
12545	Ярославская	NULL	NULL	1
12546	Ясеневая	NULL	6	1
12547	Ясенки	NULL	NULL	1
12548	Ясный	NULL	NULL	2
12549	2-й Пожарный		16	2
12550	50 лет Победы		16	1
12551	30 лет Октября		NULL	3
12552	Аксакова		NULL	3
12553	Александра Невского		10	1
12554	Алехиных		11	3
12555	Амурский		NULL	3
12556	Архитектурная		1	1
12558	Байконурская		18	1
12559	Бакунинский		NULL	3
12560	Барышниковых		11	1
12561	Балашовский		NULL	3
12562	Балтийский		NULL	6
12569	Боевская		6	1
12563	Безрядина		16	1
12564	Безымянный		3	3
12565	Безымянный		7	3
12566	Белорусский		7	3
12567	Береговая		2	1
12568	Березовая		22	1
12570	Бородинская		16	1
12571	Брянская		2	1
12573	Великого Октября		12	1
12574	Веселый		NULL	3
12576	Виноградная		24	1
12577	Виноградная		23	1
12578	Вишневая		2	1
12579	Вишневая-1		2	1
12580	Вишневый		2	3
12581	Волнистая		11	1
12582	Воронежская		24	1
12583	Воронежский		24	3
12584	Воронежская		25	1
12585	Восточная		11	1
12586	Восточная		26	1
12587	Выездной		16	3
12588	Гагарина		24	1
12589	Газовая		24	1
12590	Ломоносова		24	1
12591	Полевая		24	1
12592	Полевой		24	3
12593	Пригородная		24	1
12594	Пригородный		24	3
12595	Ростовская		24	1
12596	Ростовский		24	3
12597	Газовая		27	1
12598	Газовый		NULL	3
12599	Геофизическая		4	1
12600	Героев		28	1
12601	Героев		28	3
12602	Дорожная		28	1
12603	Звездная		28	1
12604	Зеленая		28	1
12605	Кирова		28	1
12606	Комсомольская		28	1
12607	Лесная		28	1
12608	Лесной		28	3
12609	Молодежная		28	1
12610	Набережная		28	1
12611	Нагорная		28	1
12612	Первомайская		28	1
12613	Садовая		28	1
12614	Садовый		28	3
12615	Сельская		28	1
12616	Солнечная		28	1
12617	Спортивная		28	1
12618	Спортивный		28	3
12619	Транспортная		28	1
12620	Цветочная		28	1
12621	Школьная		28	1
12622	Полевая		28	1
12623	Гоголя		NULL	3
12624	Горького		16	1
12625	Думская		16	1
12626	Железнодорожная		16	1
12627	Заводская		16	1
12628	Заводской 1-й		16	3
12629	Заводской 2-й		16	3
12630	Новосельская		16	1
12631	Калининский 1-й		16	3
12632	Калининский 2-й		16	3
12633	Калининский 3-й		16	3
12634	Кировская		16	1
12635	Кольцова		16	1
12636	Кедровая		16	1
12637	Графская		16	1
12638	Краснолесненская		16	1
12639	Кутузова		16	1
12640	Музыкальная		16	1
12641	Гвоздичная		16	1
12642	Черничный		16	3
12643	Линейная		16	1
12644	Мичуринская		16	1
12645	Некрасовская		16	1
12646	Соловецкая		16	1
12647	Вербный		16	3
12648	Ягодная		16	1
12649	Столля		16	1
12650	Пожарный		16	2
12651	Походная		16	1
12652	Боровиковая		16	1
12653	Пушкина		16	1
12654	Ольгинская		16	1
12655	Углянческая		16	1
12656	Родниковая		16	1
12657	Поддубная		16	1
12658	Графский		16	3
12659	Средняя		16	1
12660	Летняя		16	1
12661	Туристская		16	1
12662	Чистоозерская		16	1
12663	Чкаловская		16	1
12664	Широкая		16	1
12665	Дарьинская		18	1
12666	Зеленодольская		18	1
12667	Испытателей		18	1
12668	Косберга		18	1
12669	Малая Сосновая		18	1
12833	Парусная		17	1
12671	Покорителей космоса		18	1
12672	Тенистая		18	1
12673	Тенистый		18	3
12674	Федосеенко		18	1
12675	Федяевского		18	1
12676	Чукотская		18	1
12677	Ясногорская		18	1
12679	Дачный		2	3
12680	Дворянская		2	1
12681	Заполярная		2	1
12682	Красная		2	1
12683	Мира		2	1
12684	Молодежная		2	1
12685	Морская		2	1
12686	Московская		2	1
12687	Октябрьский		2	3
12688	Подгорная		2	1
12689	Покровская		2	1
12690	Полевая		2	1
12691	Полевой		2	3
12692	Придорожная		2	1
12693	Промышленная		2	1
12694	Просторная		2	1
12695	Речная		2	1
12696	Сиреневая		2	1
12697	Солнечная		2	1
12698	Сосновая		2	1
12699	Сосновый		2	3
12700	Шоссейная		2	1
12701	Шуякова		2	1
12702	Дачный		1	3
12703	Историка Костомарова		1	1
12704	Космонавтов		1	3
12705	Лихачева		1	1
12706	Любимая		1	1
12707	Осинки		1	3
12708	Пугачева		1	3
12709	Скляева		1	1
12710	Строительная		1	1
12711	Мирная		12	1
12712	Доблести		NULL	3
12713	Добровольческого коммунистического полка		NULL	1
12714	Донбасская		25	1
12715	Донская		27	1
12716	Донская		29	1
12717	Дорожная		25	1
12718	Дорожная		27	1
12719	Дружбы		10	1
12720	Дружбы		26	1
12721	Дубовый		7	3
12722	Проселочная		30	1
12723	Железнодорожный		3	3
12724	Заливной		22	3
12725	Заречная		22	1
12726	Заслонова		NULL	3
12728	Зеленая		NULL	1
12729	Колыбельный		17	3
12730	Зеркальная		22	1
12731	Космонавтов		22	1
12732	Лесная		22	1
12733	Луговой		22	3
12734	Молодежная		22	1
12735	Набережная		22	1
12736	Огородная		22	1
12737	Песчаная		22	1
12738	Садовая		22	1
12739	Северный		22	3
12740	Советская		22	1
12741	Совхозная		22	1
12742	Солнечная		22	1
12743	Транспортная		22	1
12744	Хлеборобов		22	1
12745	Цветочная		22	1
12746	Юбилейная		22	1
12747	Южный		22	3
12748	Изумрудная		11	1
12749	Иртышский		NULL	3
12751	Клеверный		9	3
12752	Кленовая аллея		11	1
12753	Кольцевая		29	1
12754	Кольцевой		NULL	3
12755	Комарова		27	1
12756	Спутниковая		12	1
12757	Комсомольская		26	1
12758	Коптякова		31	1
12759	Ленина		31	1
12760	Луговая		31	1
12761	Молодежная		31	1
12762	Парковый		31	3
12763	Первомайская		31	1
12764	Победы		31	1
12765	Полевая		31	1
12766	Савченко		31	1
12767	Садовая		31	1
12768	Солнечная		31	1
12769	Солнечный		31	3
12770	Транспортный		31	3
12771	Школьная		31	1
12772	Юбилейная		31	1
12773	Корольковой		NULL	1
12774	Космическая		12	1
12775	Красногвардейская		NULL	1
12776	Красных партизан		NULL	3
12777	Крутая		NULL	1
12778	Курнатовского		7	1
12779	Курнатовского		7	3
12780	Л.Кретова		10	1
12781	Лавровый		10	3
12782	Лазорева		15	1
12783	Ленина		26	1
12784	Лесничья		12	1
12785	Ратная		6	1
12786	Лесная		29	1
12787	Лесная		26	1
12789	Ложбинный		17	3
12790	Груздевая		13	1
12791	Ароматная		30	1
12792	Луговая		11	1
12793	Природный		10	3
12794	Лунная		11	1
12795	Л.Шевцовой		NULL	3
12796	Магазинный		10	3
12798	Маяковского		NULL	3
12799	Междуреченская		15	1
12800	Милицыной		11	3
12801	Мира		26	1
12802	Мирный		6	3
12803	Молодежная		25	1
12804	Молодежная		26	1
12805	Монтажная		26	1
12806	Набережная		26	1
12807	Огородная		26	1
12808	Октябрьская		26	1
12809	Советская		26	1
12810	Сосновая		26	1
12811	Спортивная		26	1
12812	Строителей		26	1
12813	Центральная		26	1
12814	Южная		26	1
12815	Набережная		27	1
12816	Первомайская		27	1
12817	Песчаная		27	1
12818	Почтовая		27	1
12819	Садовая		27	1
12820	Солнечная		27	1
12822	Рыбацкая		10	1
12823	Набережный		NULL	3
12824	Недетовского		11	1
12825	Новая		5	1
12826	Новая Сосновка		10	1
12827	Одесский		NULL	3
12828	Озерная		23	1
12829	Октябрьская		25	1
12830	Солженицына		9	1
12831	Оскольская		9	1
12832	Осовиахимовская		NULL	1
12835	Первомайская		25	1
12836	Петровская		NULL	4
12837	Пионерская		NULL	1
12838	Победы		25	1
12839	Победы		NULL	5
12840	Подольская		6	1
12841	Пожарского		NULL	3
12842	Полевая		25	1
12843	Полевой		10	3
12844	Полянка		5	1
12845	Тихий Дон		4	1
12846	Придонская		32	1
12847	Пролетарский		NULL	3
12848	Прохладная		11	1
12849	Прямой		NULL	3
12850	Пряничный		NULL	3
12851	Путейский городок		NULL	1
12852	Пчелиный		9	3
12853	Пятилетка		10	1
12854	Речной		10	3
12855	Рождественский		6	3
12856	Розовая		9	1
12857	Рубежная		23	1
12858	Рубиновая		11	1
12859	Смородиновая		12	1
12860	Оранжевая		30	1
12861	Садовая		33	1
12863	Садовый		4	3
12864	Самоцветный		10	3
12865	Саперная		NULL	1
12866	Светлая		29	1
12867	Туманная		12	1
12869	Серебрянского		11	1
12870	Советская		25	1
12871	Солнечная		25	1
12872	Солнечный		3	3
12873	Солнечный		5	3
12874	Лиловый		10	3
12875	Сомовых		11	3
12877	Ставропольский		5	3
12878	Станкостроительный		NULL	3
12879	Степная		25	1
12880	Степная		30	1
12881	Суворина		11	1
12882	Суконовка левая		NULL	1
12883	Тельмана		NULL	1
12884	Снежная		30	1
12885	Тупиковая		11	1
12886	Тюльпанная		9	1
12888	Учебный Кордон		NULL	1
12889	Факельная		29	1
12890	Хуторской		6	3
12891	Цветочная		11	1
12892	Центральная		11	1
12893	Чапаева		25	1
12894	Чеботарева		NULL	1
12895	Челюскинцев		NULL	3
12896	Черенкова		10	1
12897	Чуйская		11	1
12898	Шехерева		7	1
12899	Школьная		25	1
12900	Гимназический		10	3
12901	Шубина		NULL	3
12903	Юбилейная		25	1
12904	Юбилейная		10	1
12905	Ягодная		11	1
12906	Ялтинский		NULL	2
12907	Ярослава Белова		10	1
12908	Радостная		3	1
12909	41-го Пограничного полка		18	1
12910	Красивый		10	3
